geoname_id,continent_code,continent_name,country_iso_code,country_name,subdivision_iso_code,subdivision_name,city_name,metro_code,time_zone
1605651,AS,Asia,TH,Thailand,,,,,
1861060,AS,Asia,JP,Japan,,,,,
1814991,AS,Asia,CN,China,,,,,
2077456,OC,Oceania,AU,Australia,,,,,
1269750,AS,Asia,IN,India,,,,,
1733045,AS,Asia,MY,Malaysia,,,,,
1835841,AS,Asia,KR,"Republic of Korea",,,,,
1668284,AS,Asia,TW,Taiwan,,,,,
1819730,AS,Asia,HK,"Hong Kong",,,,,
1694008,AS,Asia,PH,Philippines,,,,,
1562822,AS,Asia,VN,Vietnam,,,,,
3017382,EU,Europe,FR,France,,,,,
2921044,EU,Europe,DE,Germany,,,,,
6255148,EU,Europe,,,,,,,
294640,AS,Asia,IL,Israel,,,,,
2661886,EU,Europe,SE,Sweden,,,,,
3175395,EU,Europe,IT,Italy,,,,,
2750405,EU,Europe,NL,Netherlands,,,,,
390903,EU,Europe,GR,Greece,,,,,
2510769,EU,Europe,ES,Spain,,,,,
2782113,EU,Europe,AT,Austria,,,,,
2635167,EU,Europe,GB,"United Kingdom",,,,,
2802361,EU,Europe,BE,Belgium,,,,,
290557,AS,Asia,AE,"United Arab Emirates",,,,,
2017370,EU,Europe,RU,Russia,,,,,
1522867,AS,Asia,KZ,Kazakhstan,,,,,
2623032,EU,Europe,DK,Denmark,,,,,
2264397,EU,Europe,PT,Portugal,,,,,
102358,AS,Asia,SA,"Saudi Arabia",,,,,
3190538,EU,Europe,SI,Slovenia,,,,,
130758,AS,Asia,IR,Iran,,,,,
3144096,EU,Europe,NO,Norway,,,,,
6252001,NA,"North America",US,"United States",,,,,
3996063,NA,"North America",MX,Mexico,,,,,
6251999,NA,"North America",CA,Canada,,,,,
163843,AS,Asia,SY,Syria,,,,,
690791,EU,Europe,UA,Ukraine,,,,,
146669,EU,Europe,CY,Cyprus,,,,,
3077311,EU,Europe,CZ,"Czech Republic",,,,,
2658434,EU,Europe,CH,Switzerland,,,,,
99237,AS,Asia,IQ,Iraq,,,,,
798549,EU,Europe,RO,Romania,,,,,
298795,AS,Asia,TR,Turkey,,,,,
272103,AS,Asia,LB,Lebanon,,,,,
719819,EU,Europe,HU,Hungary,,,,,
614540,AS,Asia,GE,Georgia,,,,,
1149361,AS,Asia,AF,Afghanistan,,,,,
3469034,SA,"South America",BR,Brazil,,,,,
587116,AS,Asia,AZ,Azerbaijan,,,,,
6254930,AS,Asia,PS,Palestine,,,,,
597427,EU,Europe,LT,Lithuania,,,,,
286963,AS,Asia,OM,Oman,,,,,
6290252,EU,Europe,RS,Serbia,,,,,
3057568,EU,Europe,SK,Slovakia,,,,,
660013,EU,Europe,FI,Finland,,,,,
2629691,EU,Europe,IS,Iceland,,,,,
617790,EU,Europe,MD,"Republic of Moldova",,,,,
732800,EU,Europe,BG,Bulgaria,,,,,
718075,EU,Europe,MK,Macedonia,,,,,
3042058,EU,Europe,LI,Liechtenstein,,,,,
3042142,EU,Europe,JE,Jersey,,,,,
798544,EU,Europe,PL,Poland,,,,,
3202326,EU,Europe,HR,Croatia,,,,,
3277605,EU,Europe,BA,"Bosnia and Herzegovina",,,,,
453733,EU,Europe,EE,Estonia,,,,,
458258,EU,Europe,LV,Latvia,,,,,
248816,AS,Asia,JO,"Hashemite Kingdom of Jordan",,,,,
1527747,AS,Asia,KG,Kyrgyzstan,,,,,
935317,AF,Africa,RE,Réunion,,,,,
1024031,AF,Africa,YT,Mayotte,,,,,
2963597,EU,Europe,IE,Ireland,,,,,
3042225,EU,Europe,IM,"Isle of Man",,,,,
2215636,AF,Africa,LY,Libya,,,,,
2960313,EU,Europe,LU,Luxembourg,,,,,
174982,AS,Asia,AM,Armenia,,,,,
3577718,NA,"North America",VG,"British Virgin Islands",,,,,
69543,AS,Asia,YE,Yemen,,,,,
630336,EU,Europe,BY,Belarus,,,,,
2411586,EU,Europe,GI,Gibraltar,,,,,
192950,AF,Africa,KE,Kenya,,,,,
3895114,SA,"South America",CL,Chile,,,,,
289688,AS,Asia,QA,Qatar,,,,,
285570,AS,Asia,KW,Kuwait,,,,,
3579143,NA,"North America",GP,Guadeloupe,,,,,
3570311,NA,"North America",MQ,Martinique,,,,,
3381670,SA,"South America",GF,"French Guiana",,,,,
357994,AF,Africa,EG,Egypt,,,,,
3508796,NA,"North America",DO,"Dominican Republic",,,,,
4043988,OC,Oceania,GU,Guam,,,,,
4566966,NA,"North America",PR,"Puerto Rico",,,,,
4796775,NA,"North America",VI,"U.S. Virgin Islands",,,,,
2186224,OC,Oceania,NZ,"New Zealand",,,,,
1880251,AS,Asia,SG,Singapore,,,,,
1643084,AS,Asia,ID,Indonesia,,,,,
1282988,AS,Asia,NP,Nepal,,,,,
2088628,OC,Oceania,PG,"Papua New Guinea",,,,,
1168579,AS,Asia,PK,Pakistan,,,,,
6255147,AS,Asia,,,,,,,
3703430,NA,"North America",PA,Panama,,,,,
3624060,NA,"North America",CR,"Costa Rica",,,,,
3374084,NA,"North America",BB,Barbados,,,,,
3572887,NA,"North America",BS,Bahamas,,,,,
3576468,NA,"North America",LC,"Saint Lucia",,,,,
3865483,SA,"South America",AR,Argentina,,,,,
1210997,AS,Asia,BD,Bangladesh,,,,,
4031074,OC,Oceania,TK,Tokelau,,,,,
1821275,AS,Asia,MO,Macao,,,,,
1831722,AS,Asia,KH,Cambodia,,,,,
1282028,AS,Asia,MV,Maldives,,,,,
2139685,OC,Oceania,NC,"New Caledonia",,,,,
2205218,OC,Oceania,FJ,Fiji,,,,,
2029969,AS,Asia,MN,Mongolia,,,,,
4034749,OC,Oceania,WF,"Wallis and Futuna",,,,,
783754,EU,Europe,AL,Albania,,,,,
1512440,AS,Asia,UZ,Uzbekistan,,,,,
3194884,EU,Europe,ME,Montenegro,,,,,
3582678,NA,"North America",BZ,Belize,,,,,
1873107,AS,Asia,KP,"North Korea",,,,,
3164670,EU,Europe,VA,"Vatican City",,,,,
6697173,AN,Antarctica,AQ,Antarctica,,,,,
3932488,SA,"South America",PE,Peru,,,,,
3573345,NA,"North America",BM,Bermuda,,,,,
7626836,NA,"North America",CW,Curaçao,,,,,
3686110,SA,"South America",CO,Colombia,,,,,
3625428,SA,"South America",VE,Venezuela,,,,,
3658394,SA,"South America",EC,Ecuador,,,,,
953987,AF,Africa,ZA,"South Africa",,,,,
3575174,NA,"North America",KN,"Saint Kitts and Nevis",,,,,
4034894,OC,Oceania,WS,Samoa,,,,,
3923057,SA,"South America",BO,Bolivia,,,,,
3042362,EU,Europe,GG,Guernsey,,,,,
2562770,EU,Europe,MT,Malta,,,,,
1220409,AS,Asia,TJ,Tajikistan,,,,,
241170,AF,Africa,SC,Seychelles,,,,,
290291,AS,Asia,BH,Bahrain,,,,,
2328926,AF,Africa,NG,Nigeria,,,,,
878675,AF,Africa,ZW,Zimbabwe,,,,,
2275384,AF,Africa,LR,Liberia,,,,,
2300660,AF,Africa,GH,Ghana,,,,,
149590,AF,Africa,TZ,Tanzania,,,,,
895949,AF,Africa,ZM,Zambia,,,,,
3355338,AF,Africa,NA,Namibia,,,,,
1062947,AF,Africa,MG,Madagascar,,,,,
3351879,AF,Africa,AO,Angola,,,,,
2287781,AF,Africa,CI,"Ivory Coast",,,,,
366755,AF,Africa,SD,Sudan,,,,,
226074,AF,Africa,UG,Uganda,,,,,
2233387,AF,Africa,CM,Cameroon,,,,,
927384,AF,Africa,MW,Malawi,,,,,
2400553,AF,Africa,GA,Gabon,,,,,
2453866,AF,Africa,ML,Mali,,,,,
2395170,AF,Africa,BJ,Benin,,,,,
2434508,AF,Africa,TD,Chad,,,,,
933860,AF,Africa,BW,Botswana,,,,,
3374766,AF,Africa,CV,"Cape Verde",,,,,
49518,AF,Africa,RW,Rwanda,,,,,
2260494,AF,Africa,CG,"Republic of the Congo",,,,,
1036973,AF,Africa,MZ,Mozambique,,,,,
2413451,AF,Africa,GM,Gambia,,,,,
932692,AF,Africa,LS,Lesotho,,,,,
934292,AF,Africa,MU,Mauritius,,,,,
2542007,AF,Africa,MA,Morocco,,,,,
2589581,AF,Africa,DZ,Algeria,,,,,
2420477,AF,Africa,GN,Guinea,,,,,
203312,AF,Africa,CD,Congo,,,,,
934841,AF,Africa,SZ,Swaziland,,,,,
2361809,AF,Africa,BF,"Burkina Faso",,,,,
2403846,AF,Africa,SL,"Sierra Leone",,,,,
51537,AF,Africa,SO,Somalia,,,,,
2440476,AF,Africa,NE,Niger,,,,,
239880,AF,Africa,CF,"Central African Republic",,,,,
2363686,AF,Africa,TG,Togo,,,,,
433561,AF,Africa,BI,Burundi,,,,,
2309096,AF,Africa,GQ,"Equatorial Guinea",,,,,
7909807,AF,Africa,SS,"South Sudan",,,,,
2245662,AF,Africa,SN,Senegal,,,,,
2378080,AF,Africa,MR,Mauritania,,,,,
223816,AF,Africa,DJ,Djibouti,,,,,
921929,AF,Africa,KM,Comoros,,,,,
2464461,AF,Africa,TN,Tunisia,,,,,
1252634,AS,Asia,BT,Bhutan,,,,,
3439705,SA,"South America",UY,Uruguay,,,,,
3425505,NA,"North America",GL,Greenland,,,,,
831053,EU,Europe,XK,Kosovo,,,,,
3580718,NA,"North America",KY,"Cayman Islands",,,,,
3489940,NA,"North America",JM,Jamaica,,,,,
3595528,NA,"North America",GT,Guatemala,,,,,
2080185,OC,Oceania,MH,"Marshall Islands",,,,,
3577279,NA,"North America",AW,Aruba,,,,,
2993457,EU,Europe,MC,Monaco,,,,,
3573511,NA,"North America",AI,Anguilla,,,,,
3580239,NA,"North America",GD,Grenada,,,,,
3437598,SA,"South America",PY,Paraguay,,,,,
3578097,NA,"North America",MS,Montserrat,,,,,
3576916,NA,"North America",TC,"Turks and Caicos Islands",,,,,
3576396,NA,"North America",AG,"Antigua and Barbuda",,,,,
2110297,OC,Oceania,TV,Tuvalu,,,,,
4030656,OC,Oceania,PF,"French Polynesia",,,,,
2103350,OC,Oceania,SB,"Solomon Islands",,,,,
2134431,OC,Oceania,VU,Vanuatu,,,,,
3382998,SA,"South America",SR,Suriname,,,,,
1899402,OC,Oceania,CK,"Cook Islands",,,,,
4030945,OC,Oceania,KI,Kiribati,,,,,
4036232,OC,Oceania,NU,Niue,,,,,
4032283,OC,Oceania,TO,Tonga,,,,,
1546748,AN,Antarctica,TF,"French Southern Territories",,,,,
2155115,OC,Oceania,NF,"Norfolk Island",,,,,
1820814,AS,Asia,BN,Brunei,,,,,
1218197,AS,Asia,TM,Turkmenistan,,,,,
4030699,OC,Oceania,PN,"Pitcairn Islands",,,,,
3168068,EU,Europe,SM,"San Marino",,,,,
661882,EU,Europe,AX,"Åland",,,,,
2622320,EU,Europe,FO,"Faroe Islands",,,,,
607072,EU,Europe,SJ,"Svalbard and Jan Mayen",,,,,
1547376,AS,Asia,CC,"Cocos [Keeling] Islands",,,,,
2110425,OC,Oceania,NR,Nauru,,,,,
3474415,AN,Antarctica,GS,"South Georgia and the South Sandwich Islands",,,,,
5854968,OC,Oceania,UM,"U.S. Minor Outlying Islands",,,,,
7609695,NA,"North America",SX,"Sint Maarten",,,,,
2372248,AF,Africa,GW,Guinea-Bissau,,,,,
3578421,NA,"North America",MF,"Saint Martin",,,,,
3577815,NA,"North America",VC,"Saint Vincent and the Grenadines",,,,,
3424932,NA,"North America",PM,"Saint Pierre and Miquelon",,,,,
3578476,NA,"North America",BL,Saint-Barthélemy,,,,,
3575830,NA,"North America",DM,Dominica,,,,,
2410758,AF,Africa,ST,"São Tomé and Príncipe",,,,,
3474414,SA,"South America",FK,"Falkland Islands",,,,,
4041468,OC,Oceania,MP,"Northern Mariana Islands",,,,,
1966436,OC,Oceania,TL,"East Timor",,,,,
7626844,NA,"North America",BQ,Bonaire,,,,,
2081918,OC,Oceania,FM,"Federated States of Micronesia",,,,,
1559582,OC,Oceania,PW,Palau,,,,,
3378535,SA,"South America",GY,Guyana,,,,,
3608932,NA,"North America",HN,Honduras,,,,,
3617476,NA,"North America",NI,Nicaragua,,,,,
3585968,NA,"North America",SV,"El Salvador",,,,,
3041565,EU,Europe,AD,Andorra,,,,,
1327865,AS,Asia,MM,"Myanmar [Burma]",,,,,
1227603,AS,Asia,LK,"Sri Lanka",,,,,
3723988,NA,"North America",HT,Haiti,,,,,
3573591,NA,"North America",TT,"Trinidad and Tobago",,,,,
5880801,OC,Oceania,AS,"American Samoa",,,,,
1655842,AS,Asia,LA,Laos,,,,,
3562981,NA,"North America",CU,Cuba,,,,,
337996,AF,Africa,ET,Ethiopia,,,,,
3370751,AF,Africa,SH,"Saint Helena",,,,,
338010,AF,Africa,ER,Eritrea,,,,,
1282588,AS,Asia,IO,"British Indian Ocean Territory",,,,,
